content_id,comparison_type,comparison_label,comparison_order,insight_type,status_order,is_focus_pair,source_layer,source_category,source_concept,target_layer,target_category,target_concept,relationship_type,relationship_source,relationship_strength,pair_confidence,audience_support_rate,audience_support_factor,evidence_strength,comparison_alignment_score,alignment_status,alignment_computable,aligned_concept_count,partial_alignment_count,missing_resonance_count,interpretation
youtube_gaw2OJ5PoDc,intent_to_content,Framing → Content,0,aligned_concept,0,True,intent,Relationship Style,Caring,content,Relationship Style,Caring,exact,exact_concept_identity,1.0,1.0,,1.0,1.0,1.0,ready,True,1,0,0,Strong governed source-target alignment.
youtube_gaw2OJ5PoDc,content_to_audience,Content → Audience,1,missing_resonance,2,False,content,Communication Style,"Humorous, Playful Communication",,,,,,0.0,0.0,,0.0,0.0,0.0,ready,True,0,0,3,No governed target counterpart surfaced in the current normalized profile.
youtube_gaw2OJ5PoDc,content_to_audience,Content → Audience,1,missing_resonance,2,False,content,Personality,Playful,,,,,,0.0,0.0,,0.0,0.0,0.0,ready,True,0,0,3,No governed target counterpart surfaced in the current normalized profile.
youtube_gaw2OJ5PoDc,content_to_audience,Content → Audience,1,missing_resonance,2,True,content,Relationship Style,Caring,,,,,,0.0,0.0,,0.0,0.0,0.0,ready,True,0,0,3,No governed target counterpart surfaced in the current normalized profile.
youtube_gaw2OJ5PoDc,intent_to_audience,Framing → Audience,2,missing_resonance,2,True,intent,Relationship Style,Caring,,,,,,0.0,0.0,,0.0,0.0,0.0,ready,True,0,0,1,No governed target counterpart surfaced in the current normalized profile.
youtube_v5DXpxUAO3w,intent_to_content,Framing → Content,0,aligned_concept,0,True,intent,Core Values,Friendship,content,Core Values,Friendship,exact,exact_concept_identity,1.0,1.0,,1.0,1.0,0.74,ready,True,3,1,1,Strong governed source-target alignment.
youtube_v5DXpxUAO3w,intent_to_content,Framing → Content,0,aligned_concept,0,False,intent,Lifestyle,Hobby,content,Lifestyle,Hobby,exact,exact_concept_identity,1.0,1.0,,1.0,1.0,0.74,ready,True,3,1,1,Strong governed source-target alignment.
youtube_v5DXpxUAO3w,intent_to_content,Framing → Content,0,aligned_concept,0,True,intent,Relationship Style,Playful Camaraderie,content,Relationship Style,Playful Camaraderie,exact,exact_concept_identity,1.0,1.0,,1.0,1.0,0.74,ready,True,3,1,1,Strong governed source-target alignment.
youtube_v5DXpxUAO3w,intent_to_content,Framing → Content,0,partial_alignment,1,False,intent,Communication Style,"Humorous, Playful Communication",content,Relationship Style,Playful Camaraderie,contributes_to,5b1_human_review_v0.1,0.7,1.0,,1.0,0.7,0.74,ready,True,3,1,1,Moderate governed source-target alignment.
youtube_v5DXpxUAO3w,intent_to_content,Framing → Content,0,missing_resonance,2,False,intent,Lifestyle,Travel,,,,,,0.0,0.0,,1.0,0.0,0.74,ready,True,3,1,1,No governed target counterpart surfaced in the current normalized profile.
youtube_v5DXpxUAO3w,content_to_audience,Content → Audience,1,aligned_concept,0,True,content,Relationship Style,Playful Camaraderie,audience,Relationship Perception,Playful Teasing Dynamic,manifests_as,ontology_v0.2_human_governance,0.9,1.0,0.0667,0.2582,0.2324,0.1329,ready,True,3,1,2,Strong governed source-target alignment.
youtube_v5DXpxUAO3w,content_to_audience,Content → Audience,1,aligned_concept,0,True,content,Core Values,Friendship,audience,Relationship Perception,Friendship,exact,exact_concept_identity,1.0,1.0,0.0444,0.2108,0.2108,0.1329,ready,True,3,1,2,Strong governed source-target alignment.
youtube_v5DXpxUAO3w,content_to_audience,Content → Audience,1,aligned_concept,0,False,content,Relationship Style,Team-oriented,audience,Relationship Perception,Team Love,manifests_as,5b1_human_review_v0.1,0.8,1.0,0.0444,0.2108,0.1687,0.1329,ready,True,3,1,2,Strong governed source-target alignment.
youtube_v5DXpxUAO3w,content_to_audience,Content → Audience,1,partial_alignment,1,False,content,Personality,Playful,audience,Creator Perception,Personality Cuteness,contributes_to,5b1_human_review_v0.1,0.7,1.0,0.0667,0.2582,0.1807,0.1329,ready,True,3,1,2,Moderate governed source-target alignment.
youtube_v5DXpxUAO3w,content_to_audience,Content → Audience,1,missing_resonance,2,False,content,Communication Style,Casual,,,,,,0.0,0.0,,0.0,0.0,0.1329,ready,True,3,1,2,No governed target counterpart surfaced in the current normalized profile.
youtube_v5DXpxUAO3w,content_to_audience,Content → Audience,1,missing_resonance,2,False,content,Lifestyle,Hobby,,,,,,0.0,0.0,,0.0,0.0,0.1329,ready,True,3,1,2,No governed target counterpart surfaced in the current normalized profile.
youtube_v5DXpxUAO3w,intent_to_audience,Framing → Audience,2,aligned_concept,0,True,intent,Relationship Style,Playful Camaraderie,audience,Relationship Perception,Playful Teasing Dynamic,manifests_as,ontology_v0.2_human_governance,0.9,1.0,0.0667,0.2582,0.2324,0.0891,ready,True,2,0,3,Strong governed source-target alignment.
youtube_v5DXpxUAO3w,intent_to_audience,Framing → Audience,2,aligned_concept,0,True,intent,Core Values,Friendship,audience,Relationship Perception,Friendship,exact,exact_concept_identity,1.0,1.0,0.0444,0.2108,0.2108,0.0891,ready,True,2,0,3,Strong governed source-target alignment.
youtube_v5DXpxUAO3w,intent_to_audience,Framing → Audience,2,missing_resonance,2,False,intent,Communication Style,"Humorous, Playful Communication",,,,,,0.0,0.0,,0.0,0.0,0.0891,ready,True,2,0,3,No governed target counterpart surfaced in the current normalized profile.
youtube_v5DXpxUAO3w,intent_to_audience,Framing → Audience,2,missing_resonance,2,False,intent,Lifestyle,Hobby,,,,,,0.0,0.0,,0.0,0.0,0.0891,ready,True,2,0,3,No governed target counterpart surfaced in the current normalized profile.
youtube_v5DXpxUAO3w,intent_to_audience,Framing → Audience,2,missing_resonance,2,False,intent,Lifestyle,Travel,,,,,,0.0,0.0,,0.0,0.0,0.0891,ready,True,2,0,3,No governed target counterpart surfaced in the current normalized profile.
youtube_w0wF-O0EGsQ,intent_to_content,Framing → Content,0,aligned_concept,0,True,intent,Creative Style,Vocal Production Craftsmanship,content,Creative Style,Vocal Production Craftsmanship,exact,exact_concept_identity,1.0,1.0,,1.0,1.0,0.5,ready,True,1,0,1,Strong governed source-target alignment.
youtube_w0wF-O0EGsQ,intent_to_content,Framing → Content,0,missing_resonance,2,False,intent,Lifestyle,Behind-the-scenes,,,,,,0.0,0.0,,1.0,0.0,0.5,ready,True,1,0,1,No governed target counterpart surfaced in the current normalized profile.
youtube_w0wF-O0EGsQ,content_to_audience,Content → Audience,1,aligned_concept,0,True,content,Creative Style,Vocal Production Craftsmanship,audience,Creator Perception,Vocal Ability,contributes_to,ontology_v0.2_human_governance,0.85,1.0,0.2333,0.483,0.4106,0.0821,ready,True,1,0,4,Strong governed source-target alignment.
youtube_w0wF-O0EGsQ,content_to_audience,Content → Audience,1,missing_resonance,2,False,content,Communication Style,"Humorous, Playful Communication",,,,,,0.0,0.0,,0.0,0.0,0.0821,ready,True,1,0,4,No governed target counterpart surfaced in the current normalized profile.
youtube_w0wF-O0EGsQ,content_to_audience,Content → Audience,1,missing_resonance,2,False,content,Personality,Endurance,,,,,,0.0,0.0,,0.0,0.0,0.0821,ready,True,1,0,4,No governed target counterpart surfaced in the current normalized profile.
youtube_w0wF-O0EGsQ,content_to_audience,Content → Audience,1,missing_resonance,2,False,content,Relationship Style,Supportive,,,,,,0.0,0.0,,0.0,0.0,0.0821,ready,True,1,0,4,No governed target counterpart surfaced in the current normalized profile.
youtube_w0wF-O0EGsQ,content_to_audience,Content → Audience,1,missing_resonance,2,False,content,Relationship Style,Team-oriented,,,,,,0.0,0.0,,0.0,0.0,0.0821,ready,True,1,0,4,No governed target counterpart surfaced in the current normalized profile.
youtube_w0wF-O0EGsQ,intent_to_audience,Framing → Audience,2,aligned_concept,0,True,intent,Creative Style,Vocal Production Craftsmanship,audience,Creator Perception,Vocal Ability,contributes_to,ontology_v0.2_human_governance,0.85,1.0,0.2333,0.483,0.4106,0.2053,ready,True,1,0,1,Strong governed source-target alignment.
youtube_w0wF-O0EGsQ,intent_to_audience,Framing → Audience,2,missing_resonance,2,False,intent,Lifestyle,Behind-the-scenes,,,,,,0.0,0.0,,0.0,0.0,0.2053,ready,True,1,0,1,No governed target counterpart surfaced in the current normalized profile.
