evidence_id,content_id,layer,layer_order,evidence_type,raw_category,raw_label,normalization_status,is_mapped,canonical_category,canonical_concept,ontology_node_id,is_focus_concept,evidence_rank,evidence_span,evidence_text,evidence_likes,engagement_stage,model_explanation
21e0f4bcab,youtube_gaw2OJ5PoDc,intent,0,transcript_or_metadata,Relationship Style,"Attentive, child-centered caregiving",mapped,True,Relationship Style,Caring,creator_content.relationship_style.caring,True,1,천천히 다가 주시면 더 잘 친해져요. 몸무 같이 놀아 주시면 정말 좋아해요. 울 때는 간식이나 놀이로 주위를 돌려 주시면 금방 괜찮아져요.,천천히 다가 주시면 더 잘 친해져요. 몸무 같이 놀아 주시면 정말 좋아해요. 울 때는 간식이나 놀이로 주위를 돌려 주시면 금방 괜찮아져요.,,,"The opening provides guidance on gently approaching, playing with, and comforting the child, framing care around his needs."
04514a2a39,youtube_gaw2OJ5PoDc,intent,0,transcript_or_metadata,Lifestyle,Novice caregivers taking on a childcare challenge,human_defer_or_reject,False,,,,False,1,육아의 ㅇ도 몰랐던 육아 초보들이 과연 유준이를 돌볼 수 있을까?,육아의 ㅇ도 몰랐던 육아 초보들이 과연 유준이를 돌볼 수 있을까?,,,The description explicitly frames the group as inexperienced at childcare and asks whether they can care for the child.
b2c8e994ae,youtube_gaw2OJ5PoDc,intent,0,transcript_or_metadata,Lifestyle,A childcare diary centered on spending time with a toddler,human_defer_or_reject,False,,,,False,2,어느날 아기가 나타났다 | TXT의 육아일기 EP.01 (ENG),어느날 아기가 나타났다 | TXT의 육아일기 EP.01 (ENG),,,The title directly packages the episode as TXT's childcare diary after a baby appears.
11fc69bfdb,youtube_gaw2OJ5PoDc,content,1,transcript_or_metadata,Relationship Style,Caring and attentive toward the child,mapped,True,Relationship Style,Caring,creator_content.relationship_style.caring,True,1,진짜 최선을 다 놀아줘야지. 잘해보자.,진짜 최선을 다 놀아줘야지. 잘해보자.,,,They explicitly commit to doing their best to play with and care for the child.
fc6bbdac87,youtube_gaw2OJ5PoDc,content,1,transcript_or_metadata,Relationship Style,"Collaborative, shared caregiving",mapped,True,Relationship Style,Caring,creator_content.relationship_style.caring,True,2,다 먹이고 재운 다음에 우리가 먹어야 되지 않을까?,다 먹이고 재운 다음에 우리가 먹어야 되지 않을까?,,,The group coordinates around feeding and putting the child to sleep before attending to themselves.
e52e2a5844,youtube_gaw2OJ5PoDc,content,1,transcript_or_metadata,Communication Style,"Casual, spontaneous group banter",mapped,True,Communication Style,"Humorous, Playful Communication",creator_content.communication_style.humorous_playful_communication,False,1,그맨 위에 맥주 좀해 줄래? [웃음],그맨 위에 맥주 좀해 줄래? [웃음],,,The conversational exchange is informal and includes a joking aside.
9847f8f108,youtube_gaw2OJ5PoDc,content,1,transcript_or_metadata,Creative Style,Playful interaction through imaginative play,mapped,True,Personality,Playful,creator_content.personality.playful,False,1,비행기 비행기.,비행기 비행기.,,,They repeatedly use an airplane-play routine while feeding and entertaining the child.
2feeef25bc,youtube_gaw2OJ5PoDc,content,1,transcript_or_metadata,Lifestyle,Childcare beginners learning through hands-on caregiving,human_defer_or_reject,False,,,,False,1,육아의 ㅇ도 몰랐던 육아 초보들이 과연 유준이를 돌볼 수 있을까?,육아의 ㅇ도 몰랐던 육아 초보들이 과연 유준이를 돌볼 수 있을까?,,,The description explicitly presents them as parenting novices caring for a 14-month-old child.
d4ead2d020,youtube_gaw2OJ5PoDc,content,1,transcript_or_metadata,Personality,"Affectionate, openly delighted presentation",human_defer_or_reject,False,,,,False,2,아 너무 안고 싶게 생겼잖아.,아 너무 안고 싶게 생겼잖아.,,,The speaker openly expresses affectionate excitement toward the child.
b5b8bfe4ae,youtube_gaw2OJ5PoDc,audience,2,viewer_comment,Emotional Response,gratitude,mapped,True,Emotional Response,Gratitude,audience.emotional_response.gratitude,True,1,Thank you so much ❤,Thank you so much ❤,14.0,early,The commenter directly expresses warm thanks.
2bbf98cb5a,youtube_gaw2OJ5PoDc,audience,2,viewer_comment,Emotional Response,gratitude,mapped,True,Emotional Response,Gratitude,audience.emotional_response.gratitude,True,2,Thank you so much ☺️,Thank you so much ☺️ I will wait for english sub 💙,5.0,early,The commenter directly expresses appreciative thanks.
2ceee3a86d,youtube_gaw2OJ5PoDc,audience,2,viewer_comment,Emotional Response,Gratitude,mapped,True,Emotional Response,Gratitude,audience.emotional_response.gratitude,True,3,Thank you so much!,Thank you so much! With the ENG added to the title it will be easier to recognize if the video has subs!,3.0,early,The commenter directly expresses appreciation.
39a6a9f697,youtube_gaw2OJ5PoDc,audience,2,viewer_comment,Emotional Response,gratitude,mapped,True,Emotional Response,Gratitude,audience.emotional_response.gratitude,True,4,Thank you so much ❤,Thank you so much ❤,2.0,early,The commenter directly expresses warm thanks.
b781e42aeb,youtube_gaw2OJ5PoDc,audience,2,viewer_comment,Emotional Response,Gratitude,mapped,True,Emotional Response,Gratitude,audience.emotional_response.gratitude,True,5,Thank you ❤,Thank you ❤,2.0,early,Expresses appreciation.
74a8a43465,youtube_gaw2OJ5PoDc,audience,2,viewer_comment,Behavioral Response,Requests Indonesian translation,mapped,True,Behavioral Response,Subtitle / Translation Request,audience.behavioral_response.subtitle_translation_request,True,1,Don't forget the Indonesian translation please,Don't forget the Indonesian translation please ❤,96.0,early,Explicitly asks for an Indonesian translation.
464591575f,youtube_gaw2OJ5PoDc,audience,2,viewer_comment,Discussion Topics,request for subtitles,mapped,True,Behavioral Response,Subtitle / Translation Request,audience.behavioral_response.subtitle_translation_request,True,2,nunggu ada subsnya,"walahhh yaudah deh nntonnya nunggu ada subsnya ajaa, ditunggu yaahh adminnnn makasiii",43.0,early,The comment specifically focuses on subtitles being available.
2c4ad6f0d9,youtube_gaw2OJ5PoDc,audience,2,viewer_comment,Discussion Topics,request for subtitles in all languages,mapped,True,Behavioral Response,Subtitle / Translation Request,audience.behavioral_response.subtitle_translation_request,True,3,Kalau bisa seluruh bahasa ya min...,Kalau bisa seluruh bahasa ya min...,19.0,early,The commenter requests availability in all languages.
a158d20e6d,youtube_gaw2OJ5PoDc,audience,2,viewer_comment,Discussion Topics,Indonesian subtitles requested,mapped,True,Behavioral Response,Subtitle / Translation Request,audience.behavioral_response.subtitle_translation_request,True,4,malah belum ada indo subnya :(,"​@flowerpink_khbener, dah nunggu² eh malah belum ada indo subnya :(",15.0,early,The commenter explicitly notes that Indonesian subtitles are not yet available.
d81bc23a61,youtube_gaw2OJ5PoDc,audience,2,viewer_comment,Behavioral Response,Requests Indonesian subtitles,mapped,True,Behavioral Response,Subtitle / Translation Request,audience.behavioral_response.subtitle_translation_request,True,5,indonesian pliss,indonesian pliss,10.0,early,Requests Indonesian-language subtitles or translation.
0e3b897021,youtube_gaw2OJ5PoDc,audience,2,viewer_comment,Emotional Response,eager anticipation to watch,mapped,True,Emotional Response,Anticipation,audience.emotional_response.anticipation,False,1,aku udh gasabr nnton ini min😭,aku udh gasabr nnton ini min😭,27.0,early,The commenter says they cannot wait to watch this.
cfb433302f,youtube_gaw2OJ5PoDc,audience,2,viewer_comment,Emotional Response,eager anticipation,mapped,True,Emotional Response,Anticipation,audience.emotional_response.anticipation,False,2,can't wait,ouch can't wait 🤍,0.0,early,The commenter directly conveys impatience and excitement.
1ba8a0d6cc,youtube_gaw2OJ5PoDc,audience,2,viewer_comment,Emotional Response,excitement and anticipation,mapped,True,Emotional Response,Anticipation,audience.emotional_response.anticipation,False,3,Yay! Yay! Thank you! Can't wait!,Yay! Yay! Thank you! Can't wait!,0.0,early,The commenter expresses enthusiastic positive anticipation.
f4779146eb,youtube_gaw2OJ5PoDc,audience,2,viewer_comment,Emotional Response,eager anticipation,mapped,True,Emotional Response,Anticipation,audience.emotional_response.anticipation,False,4,ahhh I can't wait,ahhh I can't wait,0.0,early,The commenter clearly expresses excitement and impatience.
416a20e1e8,youtube_gaw2OJ5PoDc,audience,2,viewer_comment,Creator Perception,Trust in the channel,mapped,True,Creator Perception,Confident,audience.creator_perception.confident,False,1,this is the only channel I trust,Pls work soon this is the only channel I trust,0.0,growing,The commenter explicitly characterizes the channel as uniquely trustworthy.
94bf43733c,youtube_gaw2OJ5PoDc,audience,2,viewer_comment,Behavioral Response,eager request for an addition,mapped,True,Behavioral Response,Want More,audience.behavioral_response.want_more,False,1,"Please add it, I can't waittt.","Please add it, I can't waittt.",0.0,early,The commenter asks for something to be added and expresses eager anticipation.
9fe5e91ca1,youtube_v5DXpxUAO3w,intent,0,transcript_or_metadata,Core Values,Warm invitation to make more memories together,mapped,True,Core Values,Friendship,creator_content.core_values.friendship,True,1,우리 또 다 같이 놀러 가자!,우리 또 다 같이 놀러 가자!,,,The closing explicitly emphasizes continuing to spend enjoyable time together.
f56912919e,youtube_v5DXpxUAO3w,intent,0,transcript_or_metadata,Relationship Style,Humorous teasing and playful mischief between members,mapped,True,Relationship Style,Playful Camaraderie,creator_content.relationship_style.playful_camaraderie,True,1,특히 범규를 빠트려서 기분이 최고였다!,특히 범규를 빠트려서 기분이 최고였다!,,,The closing recap highlights playful pranking as part of the members' shared fun.
2e15f92901,youtube_v5DXpxUAO3w,intent,0,transcript_or_metadata,Lifestyle,Cheerful outdoor seaside recreation,mapped,True,Lifestyle,Hobby,creator_content.lifestyle.hobby,False,1,[다 같이 바다로 떠나요!] 와 바다다 - 와!!! 여름이다!!!,[다 같이 바다로 떠나요!] 와 바다다 - 와!!! 여름이다!!!,,,The opening enthusiastically presents a collective trip to the sea as a summery outing.
2503a966c6,youtube_v5DXpxUAO3w,intent,0,transcript_or_metadata,Communication Style,"Playful, casual group banter",mapped,True,Communication Style,"Humorous, Playful Communication",creator_content.communication_style.humorous_playful_communication,False,1,가만히 있어! - 속옷이! 속옷이!,가만히 있어! - 속옷이! 속옷이!,,,"The opening immediately foregrounds informal, joking exchanges among the members."
60af5cbe44,youtube_v5DXpxUAO3w,intent,0,transcript_or_metadata,Lifestyle,Members enjoying a shared summer break trip,mapped,True,Lifestyle,Travel,creator_content.lifestyle.travel,False,1,우리끼리 당일치기 바다 여행 | TXT의 여름방학일기 EP.4,우리끼리 당일치기 바다 여행 | TXT의 여름방학일기 EP.4,,,The title explicitly packages the content as the group taking a one-day beach trip during summer vacation.
81ad0697d7,youtube_v5DXpxUAO3w,intent,0,transcript_or_metadata,Relationship Style,Close-knit members having fun together,unreviewed_new_node,False,,,,False,1,멤버들이랑... 여기 와서 너무 행복했고...,멤버들이랑... 여기 와서 너무 행복했고...,,,A member directly frames being at the beach with the others as a source of happiness.
0786d36dff,youtube_v5DXpxUAO3w,content,1,transcript_or_metadata,Core Values,함께 쉬고 노는 시간의 즐거움,mapped,True,Core Values,Friendship,creator_content.core_values.friendship,True,1,우리 또 다 같이 놀러 가자!,우리 또 다 같이 놀러 가자!,,,함께한 여행을 긍정적으로 마무리하며 다시 모두 함께 놀러 가기를 바란다.
dd7422d552,youtube_v5DXpxUAO3w,content,1,transcript_or_metadata,Relationship Style,멤버들끼리 장난치고 놀리는 친밀한 분위기,mapped,True,Relationship Style,Playful Camaraderie,creator_content.relationship_style.playful_camaraderie,True,1,너희 왜 다 안 빠져?,너희 왜 다 안 빠져?,,,서로 물에 빠뜨리며 장난을 이어 가는 친밀하고 유쾌한 상호작용이 직접 나타난다.
a4f06d58a9,youtube_v5DXpxUAO3w,content,1,transcript_or_metadata,Communication Style,편안하고 수다스러운 일상 대화,mapped,True,Communication Style,Casual,creator_content.communication_style.casual,False,1,모여서 얘기 나누면서 드시지예,모여서 얘기 나누면서 드시지예,,,물놀이 후 함께 음식을 먹으며 자연스럽게 대화를 나누는 편안한 소통이 나타난다.
b745e39e5e,youtube_v5DXpxUAO3w,content,1,transcript_or_metadata,Lifestyle,바다에서의 당일치기 물놀이와 낚시 체험,mapped,True,Lifestyle,Hobby,creator_content.lifestyle.hobby,False,1,우리끼리 당일치기 바다 여행 | TXT의 여름방학일기 EP.4,우리끼리 당일치기 바다 여행 | TXT의 여름방학일기 EP.4,,,제목이 멤버들끼리 떠난 당일치기 바다 여행이라는 활동을 명시한다.
b12b62843e,youtube_v5DXpxUAO3w,content,1,transcript_or_metadata,Personality,장난기 많고 어린아이처럼 신난 모습,mapped,True,Personality,Playful,creator_content.personality.playful,False,1,상반기 중에 제일 신난 거 같은데 ㅎ 제대로 노시네,상반기 중에 제일 신난 거 같은데 ㅎ 제대로 노시네,,,바다 물놀이 중 매우 들뜬 행동을 두고 직접적으로 신난 모습이라고 묘사한다.
850ccc0e0c,youtube_v5DXpxUAO3w,content,1,transcript_or_metadata,Relationship Style,함께 놀며 행복을 나누는 팀워크,mapped,True,Relationship Style,Team-oriented,creator_content.relationship_style.team_oriented,False,1,멤버들이랑... 여기 와서 너무 행복했고...,멤버들이랑... 여기 와서 너무 행복했고...,,,멤버들과 함께한 시간 자체를 행복하게 표현한다.
d56534cc6c,youtube_v5DXpxUAO3w,content,1,transcript_or_metadata,Creative Style,즉흥적인 상황에서 나오는 코미디,unreviewed_new_node,False,,,,False,1,대본 짜는 순간 재미없어져,대본 짜는 순간 재미없어져,,,대본보다 자연스럽게 내버려 둘 때 더 웃기다고 직접 이야기하며 즉흥적 예능 스타일을 드러낸다.
ad683eceae,youtube_v5DXpxUAO3w,audience,2,viewer_comment,Relationship Perception,Members enjoying time together,mapped,True,Relationship Perception,Friendship,audience.relationship_perception.friendship,True,1,Every members reminiscing and enjoying their time together.,Yeonjun looks so happy and free. Every members reminiscing and enjoying their time together. This is such a healing episode. Also another content next week? I’M SO HAPPY TO BE A MOA,414.0,early,The commenter highlights the members' shared enjoyment and reminiscing.
9bf93678ce,youtube_v5DXpxUAO3w,audience,2,viewer_comment,Relationship Perception,Questions Kai and Th's best-friend relationship,mapped,True,Relationship Perception,Friendship,audience.relationship_perception.friendship,True,2,if th is really the so called' best friend of kai??,"Others members, especially Bg and Th are still putting sand on kai and throw some water on kai's 'sand body' if th is really the so called' best friend of kai??😡",1.0,early,The commenter challenges whether Th should be considered Kai's best friend based on the described behavior.
73ed148d28,youtube_v5DXpxUAO3w,audience,2,viewer_comment,Relationship Perception,playful group targeting of Soobin,mapped,True,Relationship Perception,Playful Teasing Dynamic,audience.relationship_perception.playful_teasing_dynamic,True,1,they won't let him go,"14:06 How they ended up dragging Soobin into the water, even though he won all the games😂 My poor boy, they won't let him go😭",518.0,early,The comment characterizes the others as persistently and playfully bothering Soobin.
23997cb28f,youtube_v5DXpxUAO3w,audience,2,viewer_comment,Relationship Perception,Soobin and Kai have a playful teasing dynamic,mapped,True,Relationship Perception,Playful Teasing Dynamic,audience.relationship_perception.playful_teasing_dynamic,True,2,It's just the sookai way of playing with each other.,"Oh gurl !! no, Soobin wasn't as bad as you're describing. He actually covered Kai up to protect him, then went back to tease him and playfully slap him on the towel. It's just the sookai way of playing with each other.",4.0,early,The commenter frames Soobin's teasing of Kai as their mutual playful way of interacting.
39fddd51bc,youtube_v5DXpxUAO3w,audience,2,viewer_comment,Relationship Perception,recurring teasing of Soobin,mapped,True,Relationship Perception,Playful Teasing Dynamic,audience.relationship_perception.playful_teasing_dynamic,True,3,it's always them teasing him...,"​@Yeonjuns_moa In fact, he has been the number 1 target since the debut😔 it's always them teasing him...",2.0,growing,The commenter describes an ongoing teasing dynamic directed at Soobin.
b3013fe02c,youtube_v5DXpxUAO3w,audience,2,viewer_comment,Emotional Response,amused by the English subtitles,mapped,True,Emotional Response,Amusement,audience.emotional_response.amusement,False,1,THE ENGLISH SUBS ARE FRYING ME,4:27 ‘go girl give us nothing’ THE ENGLISH SUBS ARE FRYING ME,1202.0,early,The slang expression indicates the subtitles are making the commenter laugh.
4c5729b479,youtube_v5DXpxUAO3w,audience,2,viewer_comment,Emotional Response,amusement at Yeonjun's suggestion,mapped,True,Emotional Response,Amusement,audience.emotional_response.amusement,False,2,I lost it when,I lost it when Soobin: what should we do? Yeonjun: we can throw u in. 😂😂😂😂😂😂,289.0,early,The phrase and laughing emojis clearly convey strong amusement.
78e200735c,youtube_v5DXpxUAO3w,audience,2,viewer_comment,Emotional Response,Amused by the ball coming out of frame,mapped,True,Emotional Response,Amusement,audience.emotional_response.amusement,False,3,공 화면 밖으로 나오는게 개웃기네,9:51 아 공 화면 밖으로 나오는게 개웃기네 ㅋㅋㅋㅋㅋㅋㅋㅋ,103.0,early,The commenter explicitly says the ball coming out of the screen is very funny.
f4e17e86f2,youtube_v5DXpxUAO3w,audience,2,viewer_comment,Emotional Response,Amused by the ball leaving the frame,mapped,True,Emotional Response,Amusement,audience.emotional_response.amusement,False,4,LMAOOO NOT THE BALL GOING OUT OF FRAMEEE 9:51,LMAOOO NOT THE BALL GOING OUT OF FRAMEEE 9:51 IM LOVING THE EDITORS IN THIS video they be ballin'!!!,81.0,early,The commenter expresses strong amusement at the moment.
af4545cc20,youtube_v5DXpxUAO3w,audience,2,viewer_comment,Emotional Response,Amusement at the “aura farming” remark,mapped,True,Emotional Response,Amusement,audience.emotional_response.amusement,False,5,“better at aura farming than fishing”😂,6:18 “better at aura farming than fishing”😂,70.0,early,The laughing emoji conveys amusement at the quoted line.
fffff8b073,youtube_v5DXpxUAO3w,audience,2,viewer_comment,Emotional Response,Anger at members' treatment of Kai,mapped,True,Emotional Response,Angry,audience.emotional_response.angry,False,1,if th is really the so called' best friend of kai??😡,"Others members, especially Bg and Th are still putting sand on kai and throw some water on kai's 'sand body' if th is really the so called' best friend of kai??😡",1.0,early,The angry emoji and rhetorical question express upset about how Kai was treated.
5e79040886,youtube_v5DXpxUAO3w,audience,2,viewer_comment,Emotional Response,Anticipation that the trip would be fun,mapped,True,Emotional Response,Anticipation,audience.emotional_response.anticipation,False,1,너무 재밌을거같아요!,너무 재밌을거같아요!,2.0,early,The commenter expresses positive anticipation that it would be very fun.
a22d4ab9fe,youtube_v5DXpxUAO3w,audience,2,viewer_comment,Relationship Perception,Enjoyable playful group dynamic,mapped,True,Relationship Perception,Chemistry,audience.relationship_perception.chemistry,False,1,the five of them have fun together and being silly,seeing the five of them have fun together and being silly is everything to me 😭❤,83.0,early,"The comment highlights the members' fun, playful dynamic as a group."
69ab0fee25,youtube_v5DXpxUAO3w,audience,2,viewer_comment,Relationship Perception,Playful teasing between Soobin and Yeonjun,mapped,True,Relationship Perception,Chemistry,audience.relationship_perception.chemistry,False,2,Yeonjun: just like your butt Soobin: thanks(shy),Soobin: worm was soft Yeonjun: just like your butt Soobin: thanks(shy) Why they are like that 😭,14.0,growing,"The quoted exchange is presented as playful, embarrassed teasing between the two members."
85dda49acb,youtube_v5DXpxUAO3w,audience,2,viewer_comment,Relationship Perception,Teasing group dynamic,mapped,True,Relationship Perception,Chemistry,audience.relationship_perception.chemistry,False,3,they drag soobin,The way they drag soobin.......😂😂😂😂😂,9.0,early,The comment points to the members teasing Soobin.
d1236e4b83,youtube_v5DXpxUAO3w,audience,2,viewer_comment,Behavioral Response,Request for a full-group Switzerland trip,mapped,True,Behavioral Response,Content Request,audience.behavioral_response.content_request,False,1,다음에는 투바투 단체로 스위스 여행 갑시다!!,저렇게 재밌게 노는데...다음에는 투바투 단체로 스위스 여행 갑시다!!,651.0,early,The commenter directly calls for TXT to take a group trip to Switzerland next time.
f039de7588,youtube_v5DXpxUAO3w,audience,2,viewer_comment,Behavioral Response,Request for a future overseas trip rather than a day trip,mapped,True,Behavioral Response,Content Request,audience.behavioral_response.content_request,False,2,당장 다음 여행 해외로 일정 잡아놓으세요. 당일치기 말고,우리애들 바다 당일치기 여행가도 저렇게 행복해하잖아요. 당장 다음 여행 해외로 일정 잡아놓으세요. 당일치기 말고,388.0,early,The commenter directly asks for the group's next trip to be overseas and longer than a day trip.
92e2da211c,youtube_v5DXpxUAO3w,audience,2,viewer_comment,Behavioral Response,Request for a longer overseas trip next time,mapped,True,Behavioral Response,Content Request,audience.behavioral_response.content_request,False,3,다음에는 국내가 아닌 해외로 갑시다 당일치기 말고!!,바다여행 당일치기 갔다왔으니까 다음에는 국내가 아닌 해외로 갑시다 당일치기 말고!!,189.0,early,The commenter directly proposes an overseas trip rather than another domestic day trip.
5255a14fa8,youtube_v5DXpxUAO3w,audience,2,viewer_comment,Behavioral Response,Request for group skiing in Switzerland,mapped,True,Behavioral Response,Content Request,audience.behavioral_response.content_request,False,4,스위스에서 다같이 스키타고 싶다고 몇년을 말했는데 제발...🙏,카이가 스위스에서 다같이 스키타고 싶다고 몇년을 말했는데 제발...🙏,10.0,early,The commenter pleads for the group to fulfill Kai's stated wish to ski together in Switzerland.
7060675f72,youtube_v5DXpxUAO3w,audience,2,viewer_comment,Behavioral Response,Enthusiastic call for a Switzerland trip,mapped,True,Behavioral Response,Content Request,audience.behavioral_response.content_request,False,5,스위스 가자ㅏㅏㅏㅏ,스위스 가자ㅏㅏㅏㅏ,7.0,early,The commenter enthusiastically urges a trip to Switzerland.
81dfe40bf2,youtube_v5DXpxUAO3w,audience,2,viewer_comment,Creator Perception,Cute appearance,mapped,True,Creator Perception,Cute Appearance,audience.creator_perception.cute_appearance,False,1,엉덩이 빠방해진거 귀욥,10:53 최연준 엉덩이 빠방해진거 귀욥 ㅜㅜㅜㅜ,15.0,early,The commenter describes Yeonjun's appearance at the timestamp as cute.
163e0d61af,youtube_v5DXpxUAO3w,audience,2,viewer_comment,Community Signals,OT5 full-group fandom reference,mapped,True,Community Signals,Fan Culture,audience.community_signals.fan_culture,False,1,OT5,"Finally an OT5 video, I was dying see them all together 🫂🫂🫂🫂",179.0,early,The commenter uses the fandom-style term for content featuring all five members.
b4f2693f20,youtube_v5DXpxUAO3w,audience,2,viewer_comment,Community Signals,OT5 fandom reference,mapped,True,Community Signals,Fan Culture,audience.community_signals.fan_culture,False,2,txt ot5 content,finally some txt ot5 content 💔💔,80.0,early,The commenter uses the fandom-style term “OT5” to refer to content featuring all five members.
35dcbd8871,youtube_v5DXpxUAO3w,audience,2,viewer_comment,Emotional Response,Happiness about upcoming content,mapped,True,Emotional Response,Happy,audience.emotional_response.happy,False,1,I’M SO HAPPY TO BE A MOA,Yeonjun looks so happy and free. Every members reminiscing and enjoying their time together. This is such a healing episode. Also another content next week? I’M SO HAPPY TO BE A MOA,414.0,early,The commenter directly expresses happiness in response to the upcoming content.
2da59b0d00,youtube_v5DXpxUAO3w,audience,2,viewer_comment,Emotional Response,Happy to see Yeonjun enjoying himself,mapped,True,Emotional Response,Happy,audience.emotional_response.happy,False,2,happy to see how happy Yeonjun here is,"At the end of the day, Kai will always be TXT baby and their happy pill. You can also see that Soobin is still protective of Kai but in a man way. Also happy to see how happy Yeonjun here is like he's having a real best time.💚",180.0,early,The commenter expresses happiness in response to Yeonjun appearing happy.
ff6800d564,youtube_v5DXpxUAO3w,audience,2,viewer_comment,Relationship Perception,Group joy after a long time,mapped,True,Emotional Response,Happy,audience.emotional_response.happy,False,3,THEM HAVING SO MUCH FUN AFTER A LONG TIME,IT MOVED ME TO SEE THEM HAVING SO MUCH FUN AFTER A LONG TIME.,60.0,early,The comment focuses on the members' shared enjoyment together.
97954cc41b,youtube_v5DXpxUAO3w,audience,2,viewer_comment,Emotional Response,Glad they look happy,mapped,True,Emotional Response,Happy,audience.emotional_response.happy,False,4,행복해보여서 좋다 진짜,행복해보여서 좋다 진짜,47.0,early,The commenter explicitly says they are glad because the members appear happy.
8ef11c2761,youtube_v5DXpxUAO3w,audience,2,viewer_comment,Emotional Response,Glad Yeonjun looks happy,mapped,True,Emotional Response,Happy,audience.emotional_response.happy,False,5,행복해보여서 좋다,연준이 제대로 물만난 오리네 ㅋㅋ 행복해보여서 좋다🥰,33.0,early,The commenter explicitly says they are glad because Yeonjun appears happy.
242542b2ab,youtube_v5DXpxUAO3w,audience,2,viewer_comment,Emotional Response,healing from OT5 content,mapped,True,Emotional Response,Healing,audience.emotional_response.healing,False,1,THE OT5 HEALING WE'VE BEEN ASKING FOR.,FINALLY. THE OT5 HEALING WE'VE BEEN ASKING FOR. More please.,2121.0,early,The commenter explicitly describes the content as healing.
b284331e1b,youtube_v5DXpxUAO3w,audience,2,viewer_comment,Emotional Response,Feels healed by the episode,mapped,True,Emotional Response,Healing,audience.emotional_response.healing,False,2,This is such a healing episode.,Yeonjun looks so happy and free. Every members reminiscing and enjoying their time together. This is such a healing episode. Also another content next week? I’M SO HAPPY TO BE A MOA,414.0,early,The commenter explicitly characterizes the episode as healing.
6a74f3125b,youtube_v5DXpxUAO3w,audience,2,viewer_comment,Discussion Topics,Enjoys healing content showing TXT chilling and resting,mapped,True,Emotional Response,Healing,audience.emotional_response.healing,False,3,i love healing content with txt where they just chilling and resting,i want more content like this i love healing content with txt where they just chilling and resting,269.0,early,"The commenter identifies relaxing, restorative group content as the aspect they enjoy."
c7a8ece27e,youtube_v5DXpxUAO3w,audience,2,viewer_comment,Discussion Topics,Focus on a humorous dialogue exchange,mapped,True,Discussion Topics,Humorous Dialogue,audience.discussion_topics.humorous_dialogue,False,1,Soobin: worm was soft Yeonjun: just like your butt Soobin: thanks(shy),Soobin: worm was soft Yeonjun: just like your butt Soobin: thanks(shy) Why they are like that 😭,14.0,growing,The commenter specifically highlights and reacts to a dialogue moment in the content.
69ccb98578,youtube_v5DXpxUAO3w,audience,2,viewer_comment,Community Signals,Recurring butt-talk joke,mapped,True,Community Signals,Inside Jokes,audience.community_signals.inside_jokes,False,1,TXT and their never ending talks about BUTTS 😭,8:40 TXT and their never ending talks about BUTTS 😭,209.0,early,"The comment frames talk about butts as a recurring, shared humorous trait."
3a5ce157c0,youtube_v5DXpxUAO3w,audience,2,viewer_comment,Community Signals,recurring joke about throwing Soobin in water,mapped,True,Community Signals,Inside Jokes,audience.community_signals.inside_jokes,False,2,Yeonjuns obsession with throwing Soobin in the water never ends,Yeonjuns obsession with throwing Soobin in the water never ends,9.0,growing,"The commenter frames this behavior as an ongoing, recurring joke."
77728b70ff,youtube_v5DXpxUAO3w,audience,2,viewer_comment,Relationship Perception,Soobin cares for Kai,mapped,True,Relationship Perception,Love,audience.relationship_perception.love,False,1,"onlysoobin is willing to put a towel on kai's face, and stop to put the sand on kai!! ❤","But onlysoobin is willing to put a towel on kai's face, and stop to put the sand on kai!! ❤",5.0,early,The commenter highlights Soobin's protective actions toward Kai.
3639746a9d,youtube_v5DXpxUAO3w,audience,2,viewer_comment,Discussion Topics,Yeonjun suggesting throwing Soobin in,mapped,True,Discussion Topics,Member Interaction,audience.discussion_topics.member_interaction,False,1,Yeonjun: we can throw u in.,I lost it when Soobin: what should we do? Yeonjun: we can throw u in. 😂😂😂😂😂😂,289.0,early,The commenter highlights this specific quoted moment.
bcced2f197,youtube_v5DXpxUAO3w,audience,2,viewer_comment,Creator Perception,Yeonjun is cute,mapped,True,Creator Perception,Personality Cuteness,audience.creator_perception.personality_cuteness,False,1,연준이는 진짜 귀요미야,연준이는 진짜 귀요미야ㅋㅋ,30.0,early,The commenter explicitly describes Yeonjun as very cute.
79196c38a8,youtube_v5DXpxUAO3w,audience,2,viewer_comment,Creator Perception,Members being excited is cute,mapped,True,Creator Perception,Personality Cuteness,audience.creator_perception.personality_cuteness,False,2,애들 신난거 넘 ㄱㅇㅇ,애들 신난거 넘 ㄱㅇㅇ,27.0,early,The commenter describes the members' visible excitement as very cute.
dd4876a508,youtube_v5DXpxUAO3w,audience,2,viewer_comment,Creator Perception,Perceives the members as cute,mapped,True,Creator Perception,Personality Cuteness,audience.creator_perception.personality_cuteness,False,3,they are so cutee,Fr 😭 they are so cutee 😭,3.0,early,The commenter directly describes the creators as cute.
b7cf786480,youtube_v5DXpxUAO3w,audience,2,viewer_comment,Discussion Topics,Soobin being dragged into the water,mapped,True,Discussion Topics,Specific Content Moment,audience.discussion_topics.specific_content_moment,False,1,"How they ended up dragging Soobin into the water, even though he won all the games","14:06 How they ended up dragging Soobin into the water, even though he won all the games😂 My poor boy, they won't let him go😭",518.0,early,The comment specifically highlights a scene involving Soobin being dragged into the water.
709c21812e,youtube_v5DXpxUAO3w,audience,2,viewer_comment,Discussion Topics,Ball leaving the frame at 9:51,mapped,True,Discussion Topics,Specific Content Moment,audience.discussion_topics.specific_content_moment,False,2,9:51 아 공 화면 밖으로 나오는게,9:51 아 공 화면 밖으로 나오는게 개웃기네 ㅋㅋㅋㅋㅋㅋㅋㅋ,103.0,early,The comment points to a specific timestamped visual moment involving a ball leaving the frame.
79238ed581,youtube_v5DXpxUAO3w,audience,2,viewer_comment,Discussion Topics,Soobin as the target after staying dry,mapped,True,Discussion Topics,Specific Content Moment,audience.discussion_topics.specific_content_moment,False,3,He became target no 1 after he was the only one dry,"I mean it’s txt after all, they must get each other to suffer equally. He became target no 1 after he was the only one dry 🤣🤣",16.0,growing,The comment focuses on the reason Soobin became the target in the scene.
958139e70c,youtube_v5DXpxUAO3w,audience,2,viewer_comment,Discussion Topics,Quoted moment at 4:26,mapped,True,Discussion Topics,Specific Content Moment,audience.discussion_topics.specific_content_moment,False,4,"4:26 ""GO GIRL GIVE US NOTHING""","4:26 ""GO GIRL GIVE US NOTHING"" 😭😭",13.0,early,The commenter highlights a specific quoted line and timestamp from the content.
eeb513ab9c,youtube_v5DXpxUAO3w,audience,2,viewer_comment,Emotional Response,Affection for the group having fun together,mapped,True,Relationship Perception,Team Love,audience.relationship_perception.team_love,False,1,seeing the five of them have fun together and being silly is everything to me,seeing the five of them have fun together and being silly is everything to me 😭❤,83.0,early,The commenter strongly expresses emotional appreciation for seeing all five enjoy themselves together.
c40c771d82,youtube_v5DXpxUAO3w,audience,2,viewer_comment,Creator Perception,Soobin protects Kai while teasing him,mapped,True,Relationship Perception,Team Love,audience.relationship_perception.team_love,False,2,"He actually covered Kai up to protect him, then went back to tease him","Oh gurl !! no, Soobin wasn't as bad as you're describing. He actually covered Kai up to protect him, then went back to tease him and playfully slap him on the towel. It's just the sookai way of playing with each other.",4.0,early,The commenter portrays Soobin as protective despite also teasing Kai.
4a283ad0cb,youtube_v5DXpxUAO3w,audience,2,viewer_comment,Emotional Response,Moved by seeing them have fun again,mapped,True,Emotional Response,Touching,audience.emotional_response.touching,False,1,IT MOVED ME TO SEE THEM HAVING SO MUCH FUN AFTER A LONG TIME.,IT MOVED ME TO SEE THEM HAVING SO MUCH FUN AFTER A LONG TIME.,60.0,early,The commenter explicitly says the members having fun after a long time was emotionally moving.
99054f9a99,youtube_v5DXpxUAO3w,audience,2,viewer_comment,Behavioral Response,request for more content,mapped,True,Behavioral Response,Want More,audience.behavioral_response.want_more,False,1,More please.,FINALLY. THE OT5 HEALING WE'VE BEEN ASKING FOR. More please.,2121.0,early,The commenter directly asks for more of this content.
67d7bda425,youtube_v5DXpxUAO3w,audience,2,viewer_comment,Behavioral Response,Long-awaited TXT vacation content,mapped,True,Behavioral Response,Want More,audience.behavioral_response.want_more,False,2,TXT VACATION content that we've been waiting for a long time,22:40 TXT VACATION content that we've been waiting for a long time,534.0,early,The commenter says they have been waiting a long time for this type of content.
e700b5f41e,youtube_v5DXpxUAO3w,audience,2,viewer_comment,Behavioral Response,"Wants more relaxed, healing TXT content",mapped,True,Behavioral Response,Want More,audience.behavioral_response.want_more,False,3,i want more content like this,i want more content like this i love healing content with txt where they just chilling and resting,269.0,early,The commenter explicitly asks for more content in this style.
75185d11bd,youtube_v5DXpxUAO3w,audience,2,viewer_comment,Behavioral Response,Strong desire to see the trip,mapped,True,Behavioral Response,Want More,audience.behavioral_response.want_more,False,4,진짜 너무 너무 보고싶어요!!!,진짜 너무 너무 보고싶어요!!!😊,19.0,early,The commenter emphatically says they really want to see it.
a6611415e6,youtube_v5DXpxUAO3w,audience,2,viewer_comment,Behavioral Response,Wants more five-member outing content,mapped,True,Behavioral Response,Want More,audience.behavioral_response.want_more,False,5,5명이서 놀러가는 콘텐츠 많이많이 해주세요,5명이서 놀러가는 콘텐츠 많이많이 해주세요,10.0,growing,The commenter explicitly requests more content featuring all five going out together.
aebf276ad9,youtube_w0wF-O0EGsQ,intent,0,transcript_or_metadata,Creative Style,Meticulous vocal recording and expression refinement,mapped,True,Creative Style,Vocal Production Craftsmanship,creator_content.creative_style.vocal_production_craftsmanship,True,1,좀 더 속삭이듯이 한번 해볼게요,좀 더 속삭이듯이 한번 해볼게요,,,The opening frames the session around adjusting delivery and vocal expression in detail.
f0e6e1ff38,youtube_w0wF-O0EGsQ,intent,0,transcript_or_metadata,Lifestyle,Performance-focused studio behind-the-scenes,mapped,True,Lifestyle,Behind-the-scenes,creator_content.lifestyle.behind_the_scenes,False,1,EP.47 ‘Love Language’ Recording Behind the Scene,EP.47 ‘Love Language’ Recording Behind the Scene,,,The title explicitly packages the content as a behind-the-scenes look at recording.
3f35a0a4fd,youtube_w0wF-O0EGsQ,intent,0,transcript_or_metadata,Relationship Style,Collaborative song-building through layered choruses,unreviewed_new_node,False,,,,False,1,연준이 형이 이번에 좀 도와줘가지고 이렇게 코러스를 하고 다 쌓은 거를 들으면 노래가 엄청 좋아져요,연준이 형이 이번에 좀 도와줘가지고 이렇게 코러스를 하고 다 쌓은 거를 들으면 노래가 엄청 좋아져요,,,The closing directly credits another member's help and emphasizes the improved result of building chorus layers together.
2f8857dbb1,youtube_w0wF-O0EGsQ,intent,0,transcript_or_metadata,Personality,"Excited, imaginative response to the finished music",proposal_reject,False,,,,False,2,그럼 막 눈에서 MV가 펼쳐지고 안무가 나오고...,그럼 막 눈에서 MV가 펼쳐지고 안무가 나오고...,,,The speaker vividly describes envisioning a music video and choreography after hearing the fuller track.
b9bf7640fd,youtube_w0wF-O0EGsQ,content,1,transcript_or_metadata,Creative Style,"Meticulous, detail-focused vocal production",mapped,True,Creative Style,Vocal Production Craftsmanship,creator_content.creative_style.vocal_production_craftsmanship,True,1,숨소리 디테일로 더 촉촉하게 시작하는 태현의 첫 파트,숨소리 디테일로 더 촉촉하게 시작하는 태현의 첫 파트,,,The recording process explicitly focuses on small vocal details such as breath sounds.
60e8840e5b,youtube_w0wF-O0EGsQ,content,1,transcript_or_metadata,Personality,Persistent practice to improve difficult parts,mapped,True,Personality,Endurance,creator_content.personality.endurance,False,1,잘 해내고 싶어서 여러 번 고음 파트를 연습해보는 수빈,잘 해내고 싶어서 여러 번 고음 파트를 연습해보는 수빈,,,The caption explicitly describes repeatedly practicing a high-note section in order to perform it well.
bf455cbef5,youtube_w0wF-O0EGsQ,content,1,transcript_or_metadata,Communication Style,"Playful, teasing group banter",mapped,True,Communication Style,"Humorous, Playful Communication",creator_content.communication_style.humorous_playful_communication,False,1,그래요! 그도 일을 좀 해야죠!! ㅋㅋㅋ 업무 분담!,그래요! 그도 일을 좀 해야죠!! ㅋㅋㅋ 업무 분담!,,,"The joking wording and laughter present a light, teasing conversational dynamic."
2b7591aae1,youtube_w0wF-O0EGsQ,content,1,transcript_or_metadata,Relationship Style,Encouraging peer support,mapped,True,Relationship Style,Supportive,creator_content.relationship_style.supportive,False,1,잘했다 나이스~!,잘했다 나이스~!,,,A member responds to another's performance with direct praise and encouragement.
50c3491b5b,youtube_w0wF-O0EGsQ,content,1,transcript_or_metadata,Relationship Style,Collaborative division of recording roles,mapped,True,Relationship Style,Team-oriented,creator_content.relationship_style.team_oriented,False,1,휴닝카이도 역할 분담을 이제 해야 돼요! 카이도 일을 좀 시켜야 돼,휴닝카이도 역할 분담을 이제 해야 돼요! 카이도 일을 좀 시켜야 돼,,,Members explicitly discuss distributing recording responsibilities among one another.
b06cbabad1,youtube_w0wF-O0EGsQ,content,1,transcript_or_metadata,Creative Style,Emotionally expressive singing,unreviewed_new_node,False,,,,False,1,[격한 감정표현을 필요로 하는 구간],[격한 감정표현을 필요로 하는 구간],,,The transcript directly frames a vocal section as requiring intense emotional expression.
bff0c06e69,youtube_w0wF-O0EGsQ,content,1,transcript_or_metadata,Creative Style,Layered vocal arrangements and harmonies,unreviewed_new_node,False,,,,False,2,[여러 겹 쌓여 더욱 풍부해지는 중],[여러 겹 쌓여 더욱 풍부해지는 중],,,The recording is explicitly built through stacked vocal layers to create a fuller sound.
4e3fad3875,youtube_w0wF-O0EGsQ,content,1,transcript_or_metadata,Creative Style,Spontaneous ad-lib creation,unreviewed_new_node,False,,,,False,3,[일단 음악에 맞춰 즉석으로 애드리브를 짜보는 태현],[일단 음악에 맞춰 즉석으로 애드리브를 짜보는 태현],,,The transcript directly shows an ad-lib being devised on the spot to fit the music.
9cb1b13604,youtube_w0wF-O0EGsQ,audience,2,viewer_comment,Creator Perception,Vocal king praise,mapped,True,Creator Perception,Vocal Ability,audience.creator_perception.vocal_ability,True,1,THAT'S MY VOCAL KING,👤: How did you even reach those high notes? 🐿🐱: I just did it because they told me to FLEX!!! THAT'S MY VOCAL KING,779.0,early,The commenter strongly praises the creator's vocal ability.
ccd52b57e4,youtube_w0wF-O0EGsQ,audience,2,viewer_comment,Creator Perception,Exceptional vocalist,mapped,True,Creator Perception,Vocal Ability,audience.creator_perception.vocal_ability,True,2,he's the best vocalist in 4th gen,"Taehyun keeps proving why he's the best vocalist in 4th gen, hitting those notes so easily is so attractive",763.0,early,The commenter explicitly ranks Taehyun as an outstanding vocalist.
9e7d824de1,youtube_w0wF-O0EGsQ,audience,2,viewer_comment,Creator Perception,Impressed by Yeonjun's musical contributions,mapped,True,Creator Perception,Vocal Ability,audience.creator_perception.vocal_ability,True,3,I'm constantly impressed with him,Yeonjun did the guide for the members and a lot of adlibs background vocals and harmonies. WOW I'm constantly impressed with him.,305.0,early,The commenter explicitly expresses sustained admiration for Yeonjun.
731e07f30a,youtube_w0wF-O0EGsQ,audience,2,viewer_comment,Creator Perception,Taehyun is seen as a highly versatile and emotive singer,mapped,True,Creator Perception,Vocal Ability,audience.creator_perception.vocal_ability,True,4,his voice really transmits emotions so well,"i think taehyun is truly one of my favorite singers ever. like, of course we know how versatile his voice can be, going to sweet, soft and angelic, to raspy and rock, to high notes. and even if we don't get to listen to it a lot, i'm OBSESSED with his lower tone. like in deep do…",215.0,early,"The commenter explicitly praises Taehyun's vocal ability and emotional delivery, alongside describing his versatility."
6dc4b3a3a6,youtube_w0wF-O0EGsQ,audience,2,viewer_comment,Creator Perception,Appealing vocal tone,mapped,True,Creator Perception,Vocal Ability,audience.creator_perception.vocal_ability,True,5,beomgyus vocal tone that i just absolutely love,there’s just something about beomgyus vocal tone that i just absolutely love,203.0,early,The commenter strongly praises Beomgyu's vocal tone.
88e258b6f3,youtube_w0wF-O0EGsQ,audience,2,viewer_comment,Emotional Response,Excitement over Hueningkai's vocals,mapped,True,Emotional Response,Amusement,audience.emotional_response.amusement,False,1,IM SCREAMING OVER HUENINGKAI'S VOCALS,IM SCREAMING OVER HUENINGKAI'S VOCALS AND MY SISTER CAUGHT ME FANBOYING OHMYGOD 😭😭,5.0,early,The commenter explicitly expresses intense excitement about Hueningkai's vocals.
2bf7f2583a,youtube_w0wF-O0EGsQ,audience,2,viewer_comment,Emotional Response,Amusement,mapped,True,Emotional Response,Amusement,audience.emotional_response.amusement,False,2,LMAO 😭,LMAO 😭,1.0,early,LMAO clearly conveys laughter and amusement.
b8f53ea544,youtube_w0wF-O0EGsQ,audience,2,viewer_comment,Emotional Response,Overwhelming giddy excitement,mapped,True,Emotional Response,Amusement,audience.emotional_response.amusement,False,3,SOBRANG KILIG,TAINA NAPA TAGALOG AKO SA SOBRANG KILIG,0.0,early,"The commenter explicitly expresses intense kilig, meaning giddy excitement."
2c549ef8ac,youtube_w0wF-O0EGsQ,audience,2,viewer_comment,Emotional Response,Giddy excitement over the raw vocals,mapped,True,Emotional Response,Amusement,audience.emotional_response.amusement,False,4,KINIKILIG AKO SA RAW VOCALS NILA,MAMAMATAY NAKO HELP KANINA PAKO SIGAW NG SIGAW KINIKILIG AKO SA RAW VOCALS NILA,0.0,early,"The commenter explicitly says they feel kilig, or giddy excitement, because of the raw vocals."
6e94a66987,youtube_w0wF-O0EGsQ,audience,2,viewer_comment,Emotional Response,Comfort from his voice,mapped,True,Emotional Response,Comfort,audience.emotional_response.comfort,False,1,uniquely comforting,I really love Huening Kai’s vocal tone. It’s so uniquely comforting and emotional.. there’s a gentle strength in his voice that makes every song feel personal and heartfelt. His tone stands out so naturally.,1577.0,early,The commenter explicitly describes his vocal tone as comforting.
5751a2e881,youtube_w0wF-O0EGsQ,audience,2,viewer_comment,Creator Perception,Yeonjun’s vocals are natural and comforting,mapped,True,Emotional Response,Comfort,audience.emotional_response.comfort,False,2,the emotions he conveys are so natural and comforting,"Yeonjun is seriously amazing! He’s done the guide vocals for so many title tracks and comebacks… How can someone who dances this well also sing this well? Even the members often use Yeonjun’s guide vocals to help with their own recordings, it’s incredible! His harmonies and Engl…",330.0,early,The commenter explicitly characterizes Yeonjun’s conveyed emotions as natural and comforting.
1c205d1be2,youtube_w0wF-O0EGsQ,audience,2,viewer_comment,Behavioral Response,wants a restrained version,mapped,True,Behavioral Response,Content Request,audience.behavioral_response.content_request,False,1,담백한 버전도 하나 내줬으면 좋겠다,좀 공감. 담백하게 풀어주는게 오래듣기에 귀에 질리지도 않고 대중성도 좋은데 담백한 버전도 하나 내줬으면 좋겠다,71.0,early,The commenter explicitly requests an additional restrained version.
20edc5cf1f,youtube_w0wF-O0EGsQ,audience,2,viewer_comment,Emotional Response,Transported by the raw vocals,mapped,True,Emotional Response,Emotional,audience.emotional_response.emotional,False,1,it feels like im levitating,it feels like im levitating while listening to their raw vocals 🙏🙏😭,325.0,early,"The commenter explicitly describes an elevated, transported feeling while listening."
03d1c27589,youtube_w0wF-O0EGsQ,audience,2,viewer_comment,Emotional Response,Moved to tears by vocal emotion,mapped,True,Emotional Response,Emotional,audience.emotional_response.emotional,False,2,"its so moving, i literally teared up first time i heard it😭","im listening to his part currently and i totally agree, that raw emotion in his voice is something you can really feel and its so moving, i literally teared up first time i heard it😭",39.0,early,The commenter explicitly says the vocal emotion moved them to tears.
077c29af47,youtube_w0wF-O0EGsQ,audience,2,viewer_comment,Community Signals,Cameraman framed as a MOA,mapped,True,Community Signals,Fan Culture,audience.community_signals.fan_culture,False,1,cameraman is moa,conclusion: cameraman is moa ^^,7.0,sustained,Uses the fandom name MOA to jokingly characterize the cameraman as a fan.
2c139b49df,youtube_w0wF-O0EGsQ,audience,2,viewer_comment,Creator Perception,Appreciation for Hueningkai's hard work,mapped,True,Creator Perception,Hardworking,audience.creator_perception.hardworking,False,1,Hueningkai you did hard work and thankyou,Hueningkai you did hard work and thankyou for this masterpiece,154.0,early,The commenter directly recognizes and thanks Hueningkai for his effort.
5574c57657,youtube_w0wF-O0EGsQ,audience,2,viewer_comment,Community Signals,recurring autotune joke,mapped,True,Community Signals,Inside Jokes,audience.community_signals.inside_jokes,False,1,the original comment is a joke that gets made a lot,@timothywaddell8566this is true but the original comment is a joke that gets made a lot. It’s not that serious…,5.0,long_tail,The commenter identifies the statement as a recurring shared joke.
6785786abb,youtube_w0wF-O0EGsQ,audience,2,viewer_comment,Emotional Response,Obsessed with the sound on the refrain,mapped,True,Discussion Topics,Music / Song,audience.discussion_topics.music_song,False,1,I'm obsessed with the way he sounds on the refrain,I'm obsessed with the way he sounds on the refrain 😩,2.0,long_tail,The commenter expresses intense enthusiasm for how he sounds.
287a056b0d,youtube_w0wF-O0EGsQ,audience,2,viewer_comment,Discussion Topics,ad-libs and backing vocals,mapped,True,Discussion Topics,Performance,audience.discussion_topics.performance,False,1,adlibs and backing vocals,taehyun and yeonjun fighting with the damn adlibs and backing vocals once again ☝🏻☝🏻☝🏻☝🏻,1851.0,early,The comment specifically focuses on the vocal arrangement parts performed by the members.
4b417c1501,youtube_w0wF-O0EGsQ,audience,2,viewer_comment,Discussion Topics,Comforting and emotional vocal tone,mapped,True,Discussion Topics,Performance,audience.discussion_topics.performance,False,2,Huening Kai’s vocal tone. It’s so uniquely comforting and emotional,I really love Huening Kai’s vocal tone. It’s so uniquely comforting and emotional.. there’s a gentle strength in his voice that makes every song feel personal and heartfelt. His tone stands out so naturally.,1577.0,early,The commenter directly focuses on the qualities of Huening Kai's vocal tone.
aabc6daa8c,youtube_w0wF-O0EGsQ,audience,2,viewer_comment,Creator Perception,perception of exceptional vocal ability without autotune,mapped,True,Discussion Topics,Performance,audience.discussion_topics.performance,False,3,TXT doesn't need autotune. Autotune needs THEM.,TXT doesn't need autotune. Autotune needs THEM.,1233.0,early,The hyperbolic praise conveys that the group is perceived as highly skilled vocally.
d5ed7add9e,youtube_w0wF-O0EGsQ,audience,2,viewer_comment,Discussion Topics,High-note ability,mapped,True,Discussion Topics,Performance,audience.discussion_topics.performance,False,4,How did you even reach those high notes?,👤: How did you even reach those high notes? 🐿🐱: I just did it because they told me to FLEX!!! THAT'S MY VOCAL KING,779.0,early,The quoted moment centers on reaching high notes.
336568bbc3,youtube_w0wF-O0EGsQ,audience,2,viewer_comment,Discussion Topics,Preference for restrained vocal delivery,mapped,True,Discussion Topics,Performance,audience.discussion_topics.performance,False,5,담백하게 먼저 부른게 더 좋지,난 왜 애들이 애절하게 부르려고 노력한것보다 담백하게 먼저 부른게 더 좋지.. 이 버전도 있었으면 좋겠다ㅠㅠ,770.0,early,The commenter states a preference for the more restrained initial vocal delivery over the more emotionally earnest one.
d24bb93858,youtube_w0wF-O0EGsQ,audience,2,viewer_comment,Creator Perception,Taehyun's feet are cute,mapped,True,Creator Perception,Personality Cuteness,audience.creator_perception.personality_cuteness,False,1,Taehyunie's feet are cute!,"Haha, yes I thought he's like MOA zooming in because Taehyunie's feet are cute!",7.0,growing,The commenter directly describes Taehyun's feet as cute.
7162741272,youtube_w0wF-O0EGsQ,audience,2,viewer_comment,Creator Perception,Taehyun is cute when answering,mapped,True,Creator Perception,Personality Cuteness,audience.creator_perception.personality_cuteness,False,2,태현이 대답할때 마다 하이! 그러는거 너무 귀엽다,태현이 대답할때 마다 하이! 그러는거 너무 귀엽다,1.0,growing,The commenter calls Taehyun's repeated way of answering cute.
a36a5fa000,youtube_w0wF-O0EGsQ,audience,2,viewer_comment,Discussion Topics,criticism of the producer,mapped,True,Discussion Topics,Production Criticism,audience.discussion_topics.production_criticism,False,1,프로듀서가 별로인가. 사람을 바꿔보는것도 좋을거 같은데요,약간 프로듀서가 별로인가. 사람을 바꿔보는것도 좋을거 같은데요,41.0,early,The commenter raises dissatisfaction with the producer and suggests changing personnel.
6d4fc358a2,youtube_w0wF-O0EGsQ,audience,2,viewer_comment,Discussion Topics,discussion of production not showcasing member strengths,mapped,True,Discussion Topics,Production Criticism,audience.discussion_topics.production_criticism,False,2,투바투 멤버들의 장점을 잘 못살린다는 의견,​@orcmanduㅋㅋㅋㅋ사측분이신가?? 프로듀서여야 올드하고 아니고를 아나요? 대중은 뭐 음악에 문외한인가요? 그리고 대중음악을 제작하는 프로듀서가 대중의 의견이 프로듀서의 프로듀싱이 올드하고 투바투 멤버들의 장정을 잘 못살린다는 의견이 있으면 고려를 해봐야지 뭔 말도안되는 소리를 하시는지ㅋㅋㅋㅋ 없으면 말고가 아니라 대중의 의견이 그렇다면 그걸 고려하는게 맞습니다. 슬로우래빗이 본인 인디음악을 만드는게 아니라 투바투의 대중음악을 프로듀싱하는 거잖아요?,0.0,sustained,The comment focuses on whether production effectively highlights the members’ strengths.
ebefb47bef,youtube_w0wF-O0EGsQ,audience,2,viewer_comment,Emotional Response,Pride in Yeonjun,mapped,True,Emotional Response,Proud,audience.emotional_response.proud,False,1,makes me feel so so proud of him every single day more,the fact Yeonjun is the voice guide for so many tracks to help the members doing their job better and more confidently makes me feel so so proud of him every single day more,1581.0,early,The commenter explicitly expresses pride in Yeonjun.
f445d719a8,youtube_w0wF-O0EGsQ,audience,2,viewer_comment,Behavioral Response,Wants this version released,mapped,True,Behavioral Response,Release Request,audience.behavioral_response.release_request,False,1,이 버전도 있었으면 좋겠다,난 왜 애들이 애절하게 부르려고 노력한것보다 담백하게 먼저 부른게 더 좋지.. 이 버전도 있었으면 좋겠다ㅠㅠ,770.0,early,The commenter expresses a desire for this version to be available.
19d8b3a660,youtube_w0wF-O0EGsQ,audience,2,viewer_comment,Behavioral Response,Wants to hear Yeonjun's guide version,mapped,True,Behavioral Response,Release Request,audience.behavioral_response.release_request,False,2,연준이 가이드 버전도 들어보고싶다,연준이 가이드 버전도 들어보고싶다,58.0,early,The commenter explicitly says they want to listen to Yeonjun's guide version.
2174f07bca,youtube_w0wF-O0EGsQ,audience,2,viewer_comment,Behavioral Response,intends to return to hear “hai” again,mapped,True,Behavioral Response,Replay,audience.behavioral_response.replay,False,1,またはい聞きにきます。,いいねを1個では足りないくらいいいねをしたいです👍 またはい聞きにきます。,4.0,long_tail,The commenter explicitly says they will come back to listen to “hai” again.
da23d95942,youtube_w0wF-O0EGsQ,audience,2,viewer_comment,Emotional Response,hurt over perceived lack of recognition for Beomgyu,mapped,True,Emotional Response,Sad,audience.emotional_response.sad,False,1,being beomgyu bias it hurts,"@Knpobu I know all singers are not same. But even the songs which suit beomgyu they don't give him lines.... You can check their songs. And beomgyu can sing all notes high or low. He can rap , sing falsetto too. He is such versatile singer. But since debut he is being treated li…",6.0,sustained,The commenter directly expresses hurt in response to how they believe Beomgyu is treated.
22e8edd240,youtube_w0wF-O0EGsQ,audience,2,viewer_comment,Creator Perception,Yeonjun is an exceptionally versatile performer,mapped,True,Creator Perception,Versatile Performer,audience.creator_perception.versatile_performer,False,1,How can someone who dances this well also sing this well?,"Yeonjun is seriously amazing! He’s done the guide vocals for so many title tracks and comebacks… How can someone who dances this well also sing this well? Even the members often use Yeonjun’s guide vocals to help with their own recordings, it’s incredible! His harmonies and Engl…",330.0,early,The commenter strongly praises Yeonjun’s ability in both dancing and singing.
9d3daf9251,youtube_w0wF-O0EGsQ,audience,2,viewer_comment,Discussion Topics,autotune,mapped,True,Discussion Topics,Vocal Processing,audience.discussion_topics.vocal_processing,False,1,autotune,TXT doesn't need autotune. Autotune needs THEM.,1233.0,early,The comment explicitly discusses autotune.
8d121ba533,youtube_w0wF-O0EGsQ,audience,2,viewer_comment,Discussion Topics,autotune as a stylistic and strain-reducing production tool,mapped,True,Discussion Topics,Vocal Processing,audience.discussion_topics.vocal_processing,False,2,it lessens strain sometimes and adds needed styles to the song,"^_^ btw nothing wrong w autotune, txt uses it because it lessens strain sometimes and adds needed styles to the song! they are great singers who will sometimes use it ! autotune doesn’t determine an artists skill at all",24.0,growing,The commenter discusses practical and stylistic uses of autotune in songs.
