content_id,display_section,insight_field,display_label,polarity,field_order,rank,statement,comparison_type,comparison_label,evidence_source,signal_or_insight_type,source_role,source_category,source_concept,target_role,target_category,target_concept,relationship_type,relationship_strength,pair_confidence,audience_support_rate,evidence_strength
youtube_gaw2OJ5PoDc,alignment,content_realization,Framing realized in content,aligned,0,1,Caring → Caring,intent_to_content,Framing → Content,source_insights,aligned_concept,inferred_content_intent,Relationship Style,Caring,ai_content_understanding,Relationship Style,Caring,exact,1.0,1.0,,1.0
youtube_gaw2OJ5PoDc,gap,audience_carrythrough_gap,Content with weak/missing audience resonance,gap,4,1,"Humorous, Playful Communication",content_to_audience,Content → Audience,source_insights,missing_resonance,ai_content_understanding,Communication Style,"Humorous, Playful Communication",,,,,0.0,0.0,,0.0
youtube_gaw2OJ5PoDc,gap,audience_carrythrough_gap,Content with weak/missing audience resonance,gap,4,2,Playful,content_to_audience,Content → Audience,source_insights,missing_resonance,ai_content_understanding,Personality,Playful,,,,,0.0,0.0,,0.0
youtube_gaw2OJ5PoDc,gap,audience_carrythrough_gap,Content with weak/missing audience resonance,gap,4,3,Caring,content_to_audience,Content → Audience,source_insights,missing_resonance,ai_content_understanding,Relationship Style,Caring,,,,,0.0,0.0,,0.0
youtube_gaw2OJ5PoDc,gap,end_to_end_gap,Framing with weak/missing audience resonance,gap,5,1,Caring,intent_to_audience,Framing → Audience,source_insights,missing_resonance,inferred_content_intent,Relationship Style,Caring,,,,,0.0,0.0,,0.0
youtube_gaw2OJ5PoDc,audience_intelligence,unexpected_perception,Unexpected audience perception,signal,6,1,Confident,content_to_audience,Content → Audience,audience_signals,unexpected_perception,ai_content_understanding,,,audience_perception,Creator Perception,Confident,,,1.0,0.012,0.012
youtube_gaw2OJ5PoDc,audience_intelligence,emergent_audience_signal,Emergent audience response,signal,7,1,Gratitude,content_to_audience,Content → Audience,audience_signals,emergent_response,ai_content_understanding,,,audience_perception,Emotional Response,Gratitude,,,1.0,0.2892,0.2892
youtube_gaw2OJ5PoDc,audience_intelligence,audience_demand,Audience demand,signal,8,1,Subtitle / Translation Request,content_to_audience,Content → Audience,audience_signals,audience_action_signal,ai_content_understanding,,,audience_perception,Behavioral Response,Subtitle / Translation Request,,,1.0,0.6627,0.6627
youtube_gaw2OJ5PoDc,audience_intelligence,audience_demand,Audience demand,signal,8,2,Want More,content_to_audience,Content → Audience,audience_signals,audience_action_signal,ai_content_understanding,,,audience_perception,Behavioral Response,Want More,,,1.0,0.012,0.012
youtube_v5DXpxUAO3w,alignment,content_realization,Framing realized in content,aligned,0,1,Friendship → Friendship,intent_to_content,Framing → Content,source_insights,aligned_concept,inferred_content_intent,Core Values,Friendship,ai_content_understanding,Core Values,Friendship,exact,1.0,1.0,,1.0
youtube_v5DXpxUAO3w,alignment,content_realization,Framing realized in content,aligned,0,2,Hobby → Hobby,intent_to_content,Framing → Content,source_insights,aligned_concept,inferred_content_intent,Lifestyle,Hobby,ai_content_understanding,Lifestyle,Hobby,exact,1.0,1.0,,1.0
youtube_v5DXpxUAO3w,alignment,content_realization,Framing realized in content,aligned,0,3,Playful Camaraderie → Playful Camaraderie,intent_to_content,Framing → Content,source_insights,aligned_concept,inferred_content_intent,Relationship Style,Playful Camaraderie,ai_content_understanding,Relationship Style,Playful Camaraderie,exact,1.0,1.0,,1.0
youtube_v5DXpxUAO3w,alignment,audience_carrythrough,Content carried through to audience,aligned,1,1,Playful Camaraderie → Playful Teasing Dynamic,content_to_audience,Content → Audience,source_insights,aligned_concept,ai_content_understanding,Relationship Style,Playful Camaraderie,audience_perception,Relationship Perception,Playful Teasing Dynamic,manifests_as,0.9,1.0,0.0667,0.2324
youtube_v5DXpxUAO3w,alignment,audience_carrythrough,Content carried through to audience,aligned,1,2,Friendship → Friendship,content_to_audience,Content → Audience,source_insights,aligned_concept,ai_content_understanding,Core Values,Friendship,audience_perception,Relationship Perception,Friendship,exact,1.0,1.0,0.0444,0.2108
youtube_v5DXpxUAO3w,alignment,audience_carrythrough,Content carried through to audience,aligned,1,3,Playful → Personality Cuteness,content_to_audience,Content → Audience,source_insights,partial_alignment,ai_content_understanding,Personality,Playful,audience_perception,Creator Perception,Personality Cuteness,contributes_to,0.7,1.0,0.0667,0.1807
youtube_v5DXpxUAO3w,alignment,end_to_end_carrythrough,Framing carried through end-to-end,aligned,2,1,Playful Camaraderie → Playful Teasing Dynamic,intent_to_audience,Framing → Audience,source_insights,aligned_concept,inferred_content_intent,Relationship Style,Playful Camaraderie,audience_perception,Relationship Perception,Playful Teasing Dynamic,manifests_as,0.9,1.0,0.0667,0.2324
youtube_v5DXpxUAO3w,alignment,end_to_end_carrythrough,Framing carried through end-to-end,aligned,2,2,Friendship → Friendship,intent_to_audience,Framing → Audience,source_insights,aligned_concept,inferred_content_intent,Core Values,Friendship,audience_perception,Relationship Perception,Friendship,exact,1.0,1.0,0.0444,0.2108
youtube_v5DXpxUAO3w,gap,realization_gap,Framing not realized in content,gap,3,1,Travel,intent_to_content,Framing → Content,source_insights,missing_resonance,inferred_content_intent,Lifestyle,Travel,,,,,0.0,0.0,,0.0
youtube_v5DXpxUAO3w,gap,audience_carrythrough_gap,Content with weak/missing audience resonance,gap,4,1,Casual,content_to_audience,Content → Audience,source_insights,missing_resonance,ai_content_understanding,Communication Style,Casual,,,,,0.0,0.0,,0.0
youtube_v5DXpxUAO3w,gap,audience_carrythrough_gap,Content with weak/missing audience resonance,gap,4,2,Hobby,content_to_audience,Content → Audience,source_insights,missing_resonance,ai_content_understanding,Lifestyle,Hobby,,,,,0.0,0.0,,0.0
youtube_v5DXpxUAO3w,gap,end_to_end_gap,Framing with weak/missing audience resonance,gap,5,1,"Humorous, Playful Communication",intent_to_audience,Framing → Audience,source_insights,missing_resonance,inferred_content_intent,Communication Style,"Humorous, Playful Communication",,,,,0.0,0.0,,0.0
youtube_v5DXpxUAO3w,gap,end_to_end_gap,Framing with weak/missing audience resonance,gap,5,2,Hobby,intent_to_audience,Framing → Audience,source_insights,missing_resonance,inferred_content_intent,Lifestyle,Hobby,,,,,0.0,0.0,,0.0
youtube_v5DXpxUAO3w,gap,end_to_end_gap,Framing with weak/missing audience resonance,gap,5,3,Travel,intent_to_audience,Framing → Audience,source_insights,missing_resonance,inferred_content_intent,Lifestyle,Travel,,,,,0.0,0.0,,0.0
youtube_v5DXpxUAO3w,audience_intelligence,unexpected_perception,Unexpected audience perception,signal,6,1,Chemistry,content_to_audience,Content → Audience,audience_signals,unexpected_perception,ai_content_understanding,,,audience_perception,Relationship Perception,Chemistry,,,1.0,0.0667,0.0667
youtube_v5DXpxUAO3w,audience_intelligence,unexpected_perception,Unexpected audience perception,signal,6,2,Cute Appearance,content_to_audience,Content → Audience,audience_signals,unexpected_perception,ai_content_understanding,,,audience_perception,Creator Perception,Cute Appearance,,,1.0,0.0222,0.0222
youtube_v5DXpxUAO3w,audience_intelligence,unexpected_perception,Unexpected audience perception,signal,6,3,Love,content_to_audience,Content → Audience,audience_signals,unexpected_perception,ai_content_understanding,,,audience_perception,Relationship Perception,Love,,,1.0,0.0222,0.0222
youtube_v5DXpxUAO3w,audience_intelligence,emergent_audience_signal,Emergent audience response,signal,7,1,Amusement,content_to_audience,Content → Audience,audience_signals,emergent_response,ai_content_understanding,,,audience_perception,Emotional Response,Amusement,,,1.0,0.1778,0.1778
youtube_v5DXpxUAO3w,audience_intelligence,emergent_audience_signal,Emergent audience response,signal,7,2,Happy,content_to_audience,Content → Audience,audience_signals,emergent_response,ai_content_understanding,,,audience_perception,Emotional Response,Happy,,,1.0,0.1111,0.1111
youtube_v5DXpxUAO3w,audience_intelligence,emergent_audience_signal,Emergent audience response,signal,7,3,Healing,content_to_audience,Content → Audience,audience_signals,emergent_response,ai_content_understanding,,,audience_perception,Emotional Response,Healing,,,1.0,0.0667,0.0667
youtube_v5DXpxUAO3w,audience_intelligence,audience_demand,Audience demand,signal,8,1,Want More,content_to_audience,Content → Audience,audience_signals,audience_action_signal,ai_content_understanding,,,audience_perception,Behavioral Response,Want More,,,1.0,0.1778,0.1778
youtube_v5DXpxUAO3w,audience_intelligence,audience_demand,Audience demand,signal,8,2,Content Request,content_to_audience,Content → Audience,audience_signals,audience_action_signal,ai_content_understanding,,,audience_perception,Behavioral Response,Content Request,,,1.0,0.1333,0.1333
youtube_v5DXpxUAO3w,audience_intelligence,audience_discussion,What viewers discuss,signal,9,1,Specific Content Moment,content_to_audience,Content → Audience,audience_signals,audience_discussion_signal,ai_content_understanding,,,audience_perception,Discussion Topics,Specific Content Moment,,,1.0,0.0889,0.0889
youtube_v5DXpxUAO3w,audience_intelligence,audience_discussion,What viewers discuss,signal,9,2,Humorous Dialogue,content_to_audience,Content → Audience,audience_signals,audience_discussion_signal,ai_content_understanding,,,audience_perception,Discussion Topics,Humorous Dialogue,,,1.0,0.0222,0.0222
youtube_v5DXpxUAO3w,audience_intelligence,audience_discussion,What viewers discuss,signal,9,3,Member Interaction,content_to_audience,Content → Audience,audience_signals,audience_discussion_signal,ai_content_understanding,,,audience_perception,Discussion Topics,Member Interaction,,,1.0,0.0222,0.0222
youtube_v5DXpxUAO3w,audience_intelligence,community_signal,Community signal,signal,10,1,Fan Culture,content_to_audience,Content → Audience,audience_signals,community_signal,ai_content_understanding,,,audience_perception,Community Signals,Fan Culture,,,1.0,0.0444,0.0444
youtube_v5DXpxUAO3w,audience_intelligence,community_signal,Community signal,signal,10,2,Inside Jokes,content_to_audience,Content → Audience,audience_signals,community_signal,ai_content_understanding,,,audience_perception,Community Signals,Inside Jokes,,,1.0,0.0444,0.0444
youtube_w0wF-O0EGsQ,alignment,content_realization,Framing realized in content,aligned,0,1,Vocal Production Craftsmanship → Vocal Production Craftsmanship,intent_to_content,Framing → Content,source_insights,aligned_concept,inferred_content_intent,Creative Style,Vocal Production Craftsmanship,ai_content_understanding,Creative Style,Vocal Production Craftsmanship,exact,1.0,1.0,,1.0
youtube_w0wF-O0EGsQ,alignment,audience_carrythrough,Content carried through to audience,aligned,1,1,Vocal Production Craftsmanship → Vocal Ability,content_to_audience,Content → Audience,source_insights,aligned_concept,ai_content_understanding,Creative Style,Vocal Production Craftsmanship,audience_perception,Creator Perception,Vocal Ability,contributes_to,0.85,1.0,0.2333,0.4106
youtube_w0wF-O0EGsQ,alignment,end_to_end_carrythrough,Framing carried through end-to-end,aligned,2,1,Vocal Production Craftsmanship → Vocal Ability,intent_to_audience,Framing → Audience,source_insights,aligned_concept,inferred_content_intent,Creative Style,Vocal Production Craftsmanship,audience_perception,Creator Perception,Vocal Ability,contributes_to,0.85,1.0,0.2333,0.4106
youtube_w0wF-O0EGsQ,gap,realization_gap,Framing not realized in content,gap,3,1,Behind-the-scenes,intent_to_content,Framing → Content,source_insights,missing_resonance,inferred_content_intent,Lifestyle,Behind-the-scenes,,,,,0.0,0.0,,0.0
youtube_w0wF-O0EGsQ,gap,audience_carrythrough_gap,Content with weak/missing audience resonance,gap,4,1,"Humorous, Playful Communication",content_to_audience,Content → Audience,source_insights,missing_resonance,ai_content_understanding,Communication Style,"Humorous, Playful Communication",,,,,0.0,0.0,,0.0
youtube_w0wF-O0EGsQ,gap,audience_carrythrough_gap,Content with weak/missing audience resonance,gap,4,2,Endurance,content_to_audience,Content → Audience,source_insights,missing_resonance,ai_content_understanding,Personality,Endurance,,,,,0.0,0.0,,0.0
youtube_w0wF-O0EGsQ,gap,audience_carrythrough_gap,Content with weak/missing audience resonance,gap,4,3,Supportive,content_to_audience,Content → Audience,source_insights,missing_resonance,ai_content_understanding,Relationship Style,Supportive,,,,,0.0,0.0,,0.0
youtube_w0wF-O0EGsQ,gap,end_to_end_gap,Framing with weak/missing audience resonance,gap,5,1,Behind-the-scenes,intent_to_audience,Framing → Audience,source_insights,missing_resonance,inferred_content_intent,Lifestyle,Behind-the-scenes,,,,,0.0,0.0,,0.0
youtube_w0wF-O0EGsQ,audience_intelligence,unexpected_perception,Unexpected audience perception,signal,6,1,Personality Cuteness,content_to_audience,Content → Audience,audience_signals,unexpected_perception,ai_content_understanding,,,audience_perception,Creator Perception,Personality Cuteness,,,1.0,0.0333,0.0333
youtube_w0wF-O0EGsQ,audience_intelligence,unexpected_perception,Unexpected audience perception,signal,6,2,Hardworking,content_to_audience,Content → Audience,audience_signals,unexpected_perception,ai_content_understanding,,,audience_perception,Creator Perception,Hardworking,,,1.0,0.0167,0.0167
youtube_w0wF-O0EGsQ,audience_intelligence,unexpected_perception,Unexpected audience perception,signal,6,3,Versatile Performer,content_to_audience,Content → Audience,audience_signals,unexpected_perception,ai_content_understanding,,,audience_perception,Creator Perception,Versatile Performer,,,1.0,0.0167,0.0167
youtube_w0wF-O0EGsQ,audience_intelligence,emergent_audience_signal,Emergent audience response,signal,7,1,Amusement,content_to_audience,Content → Audience,audience_signals,emergent_response,ai_content_understanding,,,audience_perception,Emotional Response,Amusement,,,1.0,0.0667,0.0667
youtube_w0wF-O0EGsQ,audience_intelligence,audience_demand,Audience demand,signal,8,1,Release Request,content_to_audience,Content → Audience,audience_signals,audience_action_signal,ai_content_understanding,,,audience_perception,Behavioral Response,Release Request,,,1.0,0.0333,0.0333
youtube_w0wF-O0EGsQ,audience_intelligence,audience_demand,Audience demand,signal,8,2,Content Request,content_to_audience,Content → Audience,audience_signals,audience_action_signal,ai_content_understanding,,,audience_perception,Behavioral Response,Content Request,,,1.0,0.0167,0.0167
youtube_w0wF-O0EGsQ,audience_intelligence,audience_demand,Audience demand,signal,8,3,Replay,content_to_audience,Content → Audience,audience_signals,audience_action_signal,ai_content_understanding,,,audience_perception,Behavioral Response,Replay,,,1.0,0.0167,0.0167
youtube_w0wF-O0EGsQ,audience_intelligence,audience_discussion,What viewers discuss,signal,9,1,Performance,content_to_audience,Content → Audience,audience_signals,audience_discussion_signal,ai_content_understanding,,,audience_perception,Discussion Topics,Performance,,,1.0,0.6667,0.6667
youtube_w0wF-O0EGsQ,audience_intelligence,audience_discussion,What viewers discuss,signal,9,2,Production Criticism,content_to_audience,Content → Audience,audience_signals,audience_discussion_signal,ai_content_understanding,,,audience_perception,Discussion Topics,Production Criticism,,,1.0,0.0333,0.0333
youtube_w0wF-O0EGsQ,audience_intelligence,audience_discussion,What viewers discuss,signal,9,3,Vocal Processing,content_to_audience,Content → Audience,audience_signals,audience_discussion_signal,ai_content_understanding,,,audience_perception,Discussion Topics,Vocal Processing,,,1.0,0.0333,0.0333
youtube_w0wF-O0EGsQ,audience_intelligence,community_signal,Community signal,signal,10,1,Fan Culture,content_to_audience,Content → Audience,audience_signals,community_signal,ai_content_understanding,,,audience_perception,Community Signals,Fan Culture,,,1.0,0.0167,0.0167
youtube_w0wF-O0EGsQ,audience_intelligence,community_signal,Community signal,signal,10,2,Inside Jokes,content_to_audience,Content → Audience,audience_signals,community_signal,ai_content_understanding,,,audience_perception,Community Signals,Inside Jokes,,,1.0,0.0167,0.0167
